disease,method,auroc,ci_lo,ci_hi,needs_external_gwas,footing,n,cases,controls
AD,epiBrainLLM,0.7028322299689264,0.6916568124121489,0.7140076475257038,no,-,8248,4124,4124
AD,raw SNP,0.6862117354258529,0.6748296706149779,0.6975938002367279,no,-,8248,4124,4124
AD,PRS-CS,0.6811472269443564,0.6697060462733941,0.6925884076153186,yes,-,8248,4124,4124
AD,LDpred2,0.700721263527072,0.6895185131644699,0.7119240138896741,yes,-,8248,4124,4124
AD,SDPR,0.6934727614653784,0.682178574409075,0.7047669485216818,yes,-,8248,4124,4124
MCI,epiBrainLLM,0.5597437884723357,0.5369525818072183,0.5825349951374532,no,-,4893,756,4137
MCI,raw SNP,0.5411948949536574,0.5184861982921704,0.5639035916151444,no,-,4893,756,4137
MCI,PRS-CS,0.5615017016394827,0.5387047955738162,0.5842986077051491,yes,-,4893,756,4137
MCI,LDpred2,0.5626274950664605,0.5398271331515443,0.5854278569813767,yes,-,4893,756,4137
MCI,SDPR,0.5580546187266033,0.535269236249556,0.5808400012036506,yes,-,4893,756,4137
Dementia,epiBrainLLM,0.6231245534090968,0.6106346440316814,0.6356144627865121,no,-,7734,3597,4137
Dementia,raw SNP,0.6114228217334444,0.5988515852497496,0.6239940582171393,no,-,7734,3597,4137
Dementia,PRS-CS,0.6063928465083404,0.5937894544244795,0.6189962385922012,yes,-,7734,3597,4137
Dementia,LDpred2,0.6093331475904941,0.5967483484921178,0.6219179466888703,yes,-,7734,3597,4137
Dementia,SDPR,0.6110319150416016,0.598458119403755,0.6236057106794481,yes,-,7734,3597,4137
