gene	indiv_Enf_auc	indiv_SNP_auc
APOE	0.612831046794629	0.605375024133465
PICALM	0.5341630742832252	0.5075108920635861
BIN1	0.5312524423268148	0.5155695037406954
ADAM10	0.5282352972009751	0.48733682736849504
PSEN2	0.5233004446202416	0.5091150744762257
APBB3	0.5217450835436213	0.5141354399958228
TREM2	0.521285934502532	0.5093460434120798
RIN3	0.5211086253558196	0.48021267555100744
ABCA7	0.5170442239319434	0.4979666736757036
SORL1	0.5163586420048023	0.48890394857423214
PLCG2	0.5155370121839641	0.5147829527049943
PSEN1	0.5119720466434945	0.49702939138509394
ABI3	0.5107368634821715	0.5001107804162803
PILRA	0.5106503761326097	0.5015688012241823
MS4A6A	0.5103064091561273	0.503154873037982
EPHA1	0.5057639416834686	0.49432859373249627
CR1	0.5049333405641327	0.4970821103639061
APP	0.5043047448626549	0.5141223358519498
PTK2B	0.5010255504597236	0.4970866800140772
ACE	0.49989110120437835	0.5076669321767817
HLA-DRB1	0.4967493995110071	0.5020751587835832
CASP7	0.49315026239536086	0.4854634724005561
SPI1	0.4924012429717268	0.4949047392581133
