k	gene	Enf	Enf_sd	SNP	SNP_sd	gap	gap_sd
1	APOE	0.6924881298561284	1.1102230246251565e-16	0.6844088999972717	0.0	0.008079229858856563	0.0
2	APBB3	0.6987163344108266	0.00016932521097108287	0.6846620058653766	0.00018413705981103082	0.014054328545449931	0.0001159401060254098
3	ADAM10	0.7024484161068312	0.00027666625893287244	0.6863626454388575	0.00039951406473969983	0.016085770667973693	0.0003847802184772584
4	APP	0.7024858949434645	0.0003030122355042396	0.6867561413745816	0.0003811632805981761	0.01572975356888288	0.0003319015269017072
5	TREM2	0.7024783589974922	0.0003332497379058225	0.6862611061616245	0.00038539849518154845	0.01621725283586765	0.00019381897929891253
6	PILRA	0.703511337277034	0.0002665933333087952	0.687820978380204	0.0005985675918533462	0.015690358896830015	0.0004354915671947661
7	CR1	0.7032439826892363	0.00026892944072637917	0.6873502316485114	0.0005999578781583979	0.015893751040724897	0.0004611861575213108
8	PSEN2	0.7029006806615357	0.00047227992519943663	0.6892992291501444	0.0004274097631818737	0.013601451511391324	0.0003030579803140134
9	PICALM	0.7026609023441751	0.0005075086306473454	0.6888691412478916	0.0006034202419402606	0.013791761096283531	0.00044335687115152066
10	PTK2B	0.7027868378990387	0.0005154624417940566	0.6885238204882399	0.0007058588607434724	0.014263017410798717	0.0005205437976252677
11	BIN1	0.7025715293568312	0.0005713577377164613	0.6892214393723445	0.0007795398179812596	0.013350089984486743	0.000552831587200016
12	RIN3	0.702421663008646	0.0005765887219452164	0.6889115052198528	0.0007035403298542986	0.013510157788793128	0.0005627284175325555
13	PLCG2	0.7022011998401947	0.000588109477626709	0.689344484024657	0.0007578208800594133	0.012856715815537897	0.0006928828253014073
14	ABCA7	0.7021294270595693	0.0005293107859010865	0.6904997474821121	0.0006704505309948214	0.01162967957745705	0.0006646368036543606
15	ABI3	0.7018684814557323	0.0005475105204662547	0.690186844029712	0.0006049562185900388	0.011681637426020353	0.000730994474609292
16	SORL1	0.7026050442270853	0.0005649308809504862	0.6900324110354629	0.0005274716685530781	0.012572633191622273	0.0007342058677900108
17	PSEN1	0.7024512286120249	0.0005378109239618544	0.6896150921027834	0.0005341209488234585	0.012836136509241628	0.0006587904042675735
18	HLA-DRB1	0.7022641235191132	0.0005258500612771878	0.689578549134603	0.0006638348689550004	0.012685574384510198	0.0007407421271653404
19	MS4A6A	0.702539337441982	0.00048456488138423496	0.6899476438928617	0.0006638890113024203	0.012591693549120467	0.0007684206932809927
20	EPHA1	0.7029570777604571	0.0005167703229345117	0.6911884192678127	0.0007280607816523267	0.01176865849264456	0.0008054886937983343
21	SPI1	0.7028698411011004	0.0005574025297511648	0.6917462262648081	0.0007136447902933439	0.011123614836292187	0.0008425624900291861
22	ACE	0.703682880494518	0.0005429703500945006	0.6913801694041456	0.0007625637633053394	0.012302711090372434	0.0008812536845651041
23	CASP7	0.7043127738615684	0.00045574204089729117	0.6910739983248052	0.0007742266720811504	0.013238775536763225	0.0008452309778655384
